tg_00,tg_01,tg_02,tg_03,tg_04,tg_05,tg_06,tg_07,tg_08,tg_09,tg_10,tg_11,tg_12,tg_13,tg_14,tg_15,tg_16,tg_17,tg_18,tg_19,tg_20
1.78367e-03,1.27851e-03,9.70577e-04,6.96961e-04,4.69473e-04,3.33949e-04,2.48475e-04,1.72654e-04,1.13535e-04,8.01336e-05,5.94271e-05,4.08305e-05,2.61201e-05,1.76597e-05,1.25094e-05,7.85392e-06,4.59722e-06,2.85789e-06,1.85651e-06,1.03068e-06,5.09115e-07
2.04045e-03,1.30387e-03,8.88290e-04,5.59822e-04,3.28103e-04,2.10234e-04,1.44047e-04,9.08096e-05,5.32968e-05,3.42205e-05,2.34809e-05,1.47849e-05,8.71220e-06,5.59423e-06,3.84639e-06,2.37562e-06,1.40910e-06,9.12052e-07,6.28261e-07,3.89974e-07,2.30607e-07
2.02939e-03,1.29522e-03,8.81940e-04,5.55996e-04,3.26421e-04,2.09660e-04,1.44021e-04,9.11107e-05,5.37041e-05,3.46069e-05,2.38178e-05,1.50505e-05,8.90132e-06,5.73082e-06,3.94766e-06,2.44259e-06,1.45064e-06,9.39374e-07,6.47107e-07,4.01529e-07,2.37246e-07
2.03430e-03,1.29975e-03,8.85301e-04,5.57512e-04,3.26039e-04,2.08365e-04,1.42435e-04,8.96078e-05,5.25871e-05,3.38511e-05,2.33244e-05,1.47939e-05,8.80964e-06,5.71167e-06,3.95971e-06,2.47033e-06,1.47973e-06,9.64505e-07,6.67820e-07,4.16852e-07,2.47725e-07
2.50439e-03,1.57436e-03,1.05959e-03,6.59571e-04,3.81321e-04,2.41745e-04,1.64208e-04,1.02438e-04,5.94139e-05,3.77858e-05,2.57208e-05,1.60395e-05,9.35174e-06,5.95378e-06,4.06539e-06,2.49017e-06,1.46484e-06,9.42211e-07,6.45863e-07,3.98605e-07,2.34401e-07
1.95253e-03,1.30546e-03,9.36580e-04,6.36472e-04,4.11724e-04,2.87864e-04,2.12371e-04,1.45860e-04,9.35072e-05,6.38306e-05,4.56841e-05,2.99196e-05,1.81179e-05,1.17475e-05,8.07442e-06,4.93328e-06,2.86159e-06,1.80539e-06,1.21208e-06,7.24991e-07,4.09994e-07
2.01707e-03,1.27427e-03,8.54811e-04,5.25264e-04,2.97530e-04,1.85901e-04,1.25780e-04,7.96613e-05,4.88424e-05,3.37638e-05,2.53204e-05,1.82481e-05,1.28050e-05,9.54133e-06,7.40028e-06,5.25951e-06,3.55433e-06,2.51584e-06,1.84514e-06,1.22014e-06,7.56807e-07
2.03448e-03,1.30022e-03,8.86087e-04,5.58610e-04,3.27180e-04,2.09178e-04,1.42793e-04,8.93783e-05,5.19016e-05,3.30492e-05,2.25859e-05,1.42454e-05,8.51239e-06,5.58442e-06,3.93149e-06,2.51404e-06,1.55027e-06,1.03434e-06,7.29117e-07,4.64038e-07,2.80138e-07
1.82994e-03,1.17390e-03,8.04302e-04,5.11663e-04,3.03837e-04,1.97174e-04,1.36712e-04,8.75410e-05,5.23936e-05,3.42300e-05,2.38542e-05,1.53232e-05,9.24760e-06,6.06313e-06,4.24531e-06,2.68543e-06,1.63591e-06,1.08301e-06,7.60699e-07,4.84215e-07,2.94336e-07
2.03449e-03,1.30023e-03,8.86114e-04,5.58721e-04,3.27517e-04,2.09805e-04,1.43673e-04,9.04759e-05,5.30080e-05,3.39727e-05,2.32691e-05,1.46153e-05,8.58578e-06,5.49813e-06,3.77151e-06,2.32251e-06,1.37333e-06,8.86720e-07,6.09605e-07,3.77496e-07,2.22704e-07
2.03455e-03,1.30032e-03,8.86220e-04,5.58832e-04,3.27611e-04,2.09873e-04,1.43717e-04,9.04935e-05,5.30039e-05,3.39585e-05,2.32511e-05,1.45970e-05,8.57005e-06,5.48554e-06,3.76155e-06,2.31551e-06,1.36878e-06,8.83640e-07,6.07441e-07,3.76146e-07,2.21921e-07
2.03449e-03,1.30023e-03,8.86114e-04,5.58721e-04,3.27517e-04,2.09805e-04,1.43673e-04,9.04759e-05,5.30080e-05,3.39727e-05,2.32691e-05,1.46153e-05,8.58581e-06,5.49816e-06,3.77153e-06,2.32252e-06,1.37333e-06,8.86722e-07,6.09605e-07,3.77494e-07,2.22702e-07
2.03449e-03,1.30023e-03,8.86114e-04,5.58722e-04,3.27519e-04,2.09809e-04,1.43679e-04,9.04845e-05,5.30175e-05,3.39810e-05,2.32752e-05,1.46182e-05,8.58509e-06,5.49540e-06,3.76786e-06,2.31864e-06,1.37004e-06,8.84228e-07,6.07828e-07,3.76518e-07,2.22373e-07
2.03449e-03,1.30023e-03,8.86114e-04,5.58721e-04,3.27517e-04,2.09805e-04,1.43673e-04,9.04759e-05,5.30079e-05,3.39727e-05,2.32690e-05,1.46153e-05,8.58576e-06,5.49812e-06,3.77150e-06,2.32251e-06,1.37333e-06,8.86724e-07,6.09610e-07,3.77501e-07,2.22708e-07
2.03449e-03,1.30023e-03,8.86114e-04,5.58721e-04,3.27517e-04,2.09805e-04,1.43673e-04,9.04750e-05,5.30063e-05,3.39706e-05,2.32669e-05,1.46134e-05,8.58458e-06,5.49770e-06,3.77169e-06,2.32331e-06,1.37446e-06,8.87901e-07,6.10692e-07,3.78355e-07,2.23263e-07
2.03275e-03,1.29769e-03,8.83132e-04,5.55733e-04,3.25210e-04,2.08389e-04,1.43039e-04,9.06446e-05,5.37494e-05,3.49006e-05,2.41920e-05,1.54059e-05,9.15241e-06,5.88016e-06,4.02235e-06,2.44668e-06,1.41182e-06,8.85543e-07,5.90696e-07,3.49838e-07,1.95542e-07
2.06431e-03,1.33677e-03,9.21562e-04,5.88065e-04,3.47531e-04,2.22619e-04,1.51554e-04,9.40343e-05,5.36251e-05,3.33697e-05,2.22094e-05,1.34260e-05,7.54285e-06,4.65982e-06,3.10770e-06,1.85438e-06,1.06617e-06,6.76159e-07,4.59458e-07,2.81545e-07,1.65100e-07
2.07712e-03,1.33361e-03,9.12440e-04,5.77902e-04,3.40372e-04,2.18738e-04,1.50075e-04,9.45978e-05,5.53442e-05,3.53294e-05,2.40562e-05,1.49425e-05,8.61103e-06,5.39199e-06,3.61020e-06,2.13821e-06,1.19891e-06,7.34018e-07,4.79216e-07,2.75700e-07,1.49132e-07
2.03449e-03,1.30023e-03,8.86114e-04,5.58721e-04,3.27517e-04,2.09805e-04,1.43673e-04,9.04755e-05,5.30073e-05,3.39720e-05,2.32683e-05,1.46146e-05,8.58529e-06,5.49781e-06,3.77133e-06,2.32249e-06,1.37342e-06,8.86863e-07,6.09765e-07,3.77652e-07,2.22834e-07
2.03354e-03,1.30175e-03,8.88764e-04,5.61833e-04,3.30396e-04,2.12210e-04,1.45625e-04,9.19091e-05,5.39561e-05,3.46193e-05,2.37251e-05,1.49049e-05,8.75254e-06,5.60078e-06,3.83854e-06,2.36048e-06,1.39330e-06,8.98139e-07,6.16536e-07,3.81018e-07,2.24257e-07
2.03254e-03,1.29752e-03,8.83044e-04,5.55736e-04,3.25234e-04,2.08339e-04,1.42889e-04,9.03688e-05,5.33821e-05,3.45217e-05,2.38465e-05,1.51372e-05,8.98994e-06,5.79942e-06,3.99664e-06,2.46979e-06,1.46183e-06,9.42616e-07,6.46463e-07,3.98502e-07,2.33562e-07
2.04365e-03,1.32225e-03,9.12229e-04,5.84238e-04,3.48437e-04,2.25982e-04,1.56042e-04,9.89423e-05,5.81602e-05,3.72330e-05,2.54146e-05,1.58521e-05,9.20987e-06,5.83246e-06,3.95937e-06,2.40381e-06,1.39868e-06,8.90832e-07,6.05250e-07,3.69102e-07,2.14077e-07
2.03449e-03,1.30023e-03,8.86115e-04,5.58727e-04,3.27552e-04,2.09918e-04,1.43916e-04,9.09493e-05,5.37757e-05,3.49119e-05,2.42580e-05,1.55310e-05,9.28798e-06,5.97789e-06,4.07306e-06,2.43657e-06,1.35367e-06,8.05099e-07,5.02598e-07,2.63064e-07,1.18900e-07
1.28514e-03,8.27622e-04,5.70548e-04,3.66688e-04,2.20790e-04,1.45157e-04,1.01824e-04,6.61428e-05,4.02444e-05,2.66445e-05,1.87713e-05,1.22142e-05,7.47344e-06,4.95285e-06,3.49755e-06,2.23483e-06,1.37511e-06,9.17335e-07,6.48287e-07,4.15746e-07,2.54691e-07
2.03449e-03,1.30023e-03,8.86114e-04,5.58721e-04,3.27517e-04,2.09803e-04,1.43669e-04,9.04675e-05,5.29953e-05,3.39589e-05,2.32568e-05,1.46077e-05,8.58492e-06,5.50219e-06,3.77828e-06,2.33067e-06,1.38080e-06,8.92660e-07,6.14000e-07,3.80055e-07,2.23701e-07
2.53804e-03,1.51340e-03,9.87251e-04,6.04658e-04,3.50092e-04,2.26061e-04,1.57486e-04,1.01970e-04,6.19681e-05,4.08783e-05,2.85600e-05,1.82439e-05,1.07959e-05,6.89313e-06,4.69226e-06,2.84819e-06,1.65517e-06,1.05509e-06,7.19732e-07,4.43765e-07,2.62879e-07
2.53804e-03,1.51339e-03,9.87224e-04,6.04558e-04,3.49824e-04,2.25609e-04,1.56902e-04,1.01315e-04,6.13919e-05,4.04585e-05,2.82960e-05,1.81495e-05,1.08348e-05,6.98888e-06,4.80587e-06,2.95834e-06,1.74537e-06,1.12529e-06,7.73880e-07,4.80929e-07,2.86284e-07
4.13664e-03,2.60015e-03,1.75203e-03,1.09475e-03,6.38201e-04,4.08618e-04,2.80397e-04,1.77377e-04,1.04634e-04,6.74283e-05,4.63259e-05,2.90970e-05,1.69576e-05,1.06978e-05,7.19944e-06,4.28942e-06,2.42575e-06,1.50203e-06,9.95042e-07,5.87967e-07,3.31072e-07
2.53748e-03,1.51177e-03,9.84200e-04,5.99591e-04,3.43041e-04,2.18296e-04,1.49956e-04,9.56397e-05,5.77805e-05,3.85892e-05,2.76945e-05,1.86718e-05,1.20384e-05,8.34734e-06,6.10048e-06,4.02961e-06,2.52695e-06,1.68781e-06,1.18234e-06,7.41425e-07,4.37861e-07
2.53804e-03,1.51339e-03,9.87224e-04,6.04556e-04,3.49818e-04,2.25596e-04,1.56888e-04,1.01309e-04,6.14145e-05,4.05105e-05,2.83678e-05,1.82296e-05,1.09037e-05,7.03777e-06,4.83664e-06,2.96913e-06,1.74214e-06,1.11607e-06,7.62669e-07,4.69806e-07,2.76983e-07
2.53813e-03,1.51366e-03,9.87706e-04,6.05309e-04,3.50782e-04,2.26580e-04,1.57784e-04,1.02011e-04,6.18491e-05,4.07353e-05,2.84441e-05,1.81740e-05,1.07654e-05,6.87716e-06,4.67993e-06,2.83498e-06,1.64023e-06,1.03998e-06,7.05591e-07,4.31810e-07,2.53787e-07
2.53804e-03,1.51341e-03,9.87250e-04,6.04608e-04,3.49913e-04,2.25743e-04,1.57088e-04,1.01575e-04,6.17247e-05,4.08086e-05,2.86208e-05,1.84000e-05,1.09752e-05,7.04436e-06,4.80697e-06,2.91593e-06,1.68483e-06,1.06472e-06,7.19361e-07,4.37296e-07,2.54878e-07
2.52570e-03,1.50651e-03,9.83398e-04,6.02989e-04,3.49593e-04,2.25906e-04,1.57428e-04,1.01977e-04,6.21051e-05,4.11433e-05,2.89121e-05,1.86391e-05,1.11593e-05,7.18775e-06,4.92048e-06,2.99730e-06,1.73945e-06,1.10276e-06,7.46715e-07,4.54809e-07,2.65270e-07
2.53804e-03,1.51339e-03,9.87224e-04,6.04559e-04,3.49837e-04,2.25650e-04,1.56991e-04,1.01486e-04,6.16603e-05,4.07697e-05,2.86026e-05,1.84021e-05,1.09910e-05,7.06457e-06,4.82726e-06,2.93342e-06,1.69794e-06,1.07425e-06,7.26285e-07,4.41651e-07,2.57312e-07
2.53804e-03,1.51339e-03,9.87224e-04,6.04559e-04,3.49837e-04,2.25650e-04,1.56991e-04,1.01486e-04,6.16603e-05,4.07695e-05,2.86025e-05,1.84018e-05,1.09908e-05,7.06443e-06,4.82720e-06,2.93350e-06,1.69813e-06,1.07450e-06,7.26528e-07,4.41849e-07,2.57429e-07
2.53804e-03,1.51339e-03,9.87224e-04,6.04559e-04,3.49836e-04,2.25648e-04,1.56987e-04,1.01480e-04,6.16532e-05,4.07639e-05,2.85995e-05,1.84025e-05,1.09947e-05,7.06935e-06,4.83196e-06,2.93713e-06,1.70018e-06,1.07540e-06,7.26718e-07,4.41512e-07,2.56892e-07
2.53802e-03,1.51335e-03,9.87141e-04,6.04409e-04,3.49612e-04,2.25395e-04,1.56745e-04,1.01291e-04,6.15586e-05,4.07493e-05,2.86396e-05,1.84837e-05,1.10890e-05,7.15409e-06,4.90119e-06,2.98356e-06,1.72512e-06,1.08720e-06,7.30877e-07,4.39962e-07,2.52782e-07
2.53804e-03,1.51339e-03,9.87224e-04,6.04559e-04,3.49837e-04,2.25650e-04,1.56991e-04,1.01486e-04,6.16603e-05,4.07696e-05,2.86026e-05,1.84020e-05,1.09910e-05,7.06451e-06,4.82720e-06,2.93337e-06,1.69791e-06,1.07424e-06,7.26282e-07,4.41659e-07,2.57326e-07
2.53804e-03,1.51339e-03,9.87224e-04,6.04559e-04,3.49836e-04,2.25649e-04,1.56989e-04,1.01483e-04,6.16548e-05,4.07635e-05,2.85969e-05,1.83976e-05,1.09886e-05,7.06374e-06,4.82741e-06,2.93433e-06,1.69913e-06,1.07540e-06,7.27290e-07,4.42428e-07,2.57846e-07
2.53265e-03,1.50997e-03,9.85289e-04,6.04030e-04,3.50342e-04,2.26614e-04,1.58124e-04,1.02631e-04,6.26620e-05,4.15979e-05,2.92771e-05,1.89035e-05,1.13293e-05,7.29825e-06,4.99360e-06,3.03691e-06,1.75706e-06,1.10994e-06,7.48760e-07,4.53525e-07,2.62743e-07
2.55187e-03,1.52439e-03,9.95931e-04,6.10909e-04,3.54120e-04,2.28671e-04,1.59208e-04,1.02986e-04,6.25973e-05,4.13928e-05,2.90375e-05,1.86763e-05,1.11476e-05,7.15907e-06,4.88684e-06,2.96419e-06,1.71094e-06,1.07912e-06,7.27189e-07,4.39984e-07,2.54676e-07
2.53804e-03,1.51339e-03,9.87224e-04,6.04559e-04,3.49837e-04,2.25650e-04,1.56991e-04,1.01486e-04,6.16603e-05,4.07696e-05,2.86026e-05,1.84021e-05,1.09910e-05,7.06457e-06,4.82725e-06,2.93342e-06,1.69794e-06,1.07426e-06,7.26287e-07,4.41654e-07,2.57315e-07
2.53804e-03,1.51339e-03,9.87224e-04,6.04558e-04,3.49828e-04,2.25627e-04,1.56949e-04,1.01419e-04,6.15781e-05,4.06937e-05,2.85439e-05,1.83708e-05,1.09881e-05,7.07654e-06,4.84537e-06,2.95283e-06,1.71416e-06,1.08664e-06,7.35482e-07,4.47514e-07,2.60591e-07
2.52898e-03,1.51136e-03,9.89219e-04,6.09270e-04,3.55497e-04,2.31049e-04,1.61763e-04,1.05283e-04,6.43392e-05,4.26578e-05,2.99520e-05,1.92552e-05,1.14631e-05,7.33457e-06,4.98620e-06,3.00529e-06,1.72094e-06,1.07780e-06,7.21948e-07,4.33635e-07,2.49291e-07
2.67872e-03,1.59497e-03,1.03641e-03,6.29871e-04,3.60515e-04,2.30161e-04,1.58699e-04,1.01494e-04,6.09316e-05,3.99090e-05,2.77820e-05,1.77052e-05,1.04581e-05,6.65581e-06,4.50727e-06,2.70519e-06,1.54316e-06,9.63965e-07,6.44564e-07,3.86514e-07,2.21991e-07
2.53804e-03,1.51339e-03,9.87225e-04,6.04560e-04,3.49837e-04,2.25651e-04,1.56996e-04,1.01502e-04,6.17007e-05,4.08393e-05,2.86977e-05,1.85199e-05,1.11153e-05,7.17702e-06,4.92116e-06,2.99826e-06,1.73281e-06,1.08922e-06,7.28775e-07,4.34073e-07,2.44635e-07
2.54965e-03,1.51903e-03,9.88970e-04,6.03160e-04,3.46629e-04,2.21967e-04,1.53382e-04,9.83103e-05,5.91674e-05,3.88449e-05,2.71071e-05,1.73408e-05,1.03032e-05,6.60037e-06,4.50092e-06,2.73133e-06,1.58109e-06,1.00174e-06,6.78710e-07,4.14304e-07,2.42667e-07
1.38353e-03,8.81058e-04,6.07402e-04,3.94979e-04,2.43445e-04,1.64117e-04,1.17815e-04,7.86732e-05,4.92519e-05,3.32007e-05,2.36078e-05,1.53931e-05,9.30298e-06,6.02887e-06,4.14523e-06,2.53781e-06,1.48089e-06,9.43505e-07,6.41893e-07,3.93640e-07,2.31553e-07
2.53788e-03,1.51299e-03,9.86553e-04,6.03604e-04,3.48756e-04,2.24679e-04,1.56214e-04,1.00994e-04,6.14657e-05,4.07625e-05,2.87042e-05,1.85764e-05,1.11841e-05,7.23891e-06,4.97422e-06,3.04128e-06,1.76875e-06,1.12137e-06,7.58393e-07,4.60565e-07,2.67409e-07
2.53481e-03,1.50426e-03,9.76470e-04,5.94348e-04,3.41748e-04,2.19537e-04,1.52384e-04,9.83655e-05,5.97667e-05,3.95673e-05,2.78071e-05,1.79394e-05,1.07540e-05,6.93440e-06,4.75105e-06,2.89646e-06,1.68183e-06,1.06647e-06,7.22215e-07,4.39961e-07,2.56724e-07
3.00108e-03,1.95307e-03,1.35217e-03,8.69032e-04,5.21213e-04,3.39992e-04,2.36110e-04,1.50972e-04,8.98823e-05,5.83984e-05,4.05401e-05,2.59682e-05,1.56555e-05,1.02470e-05,7.14234e-06,4.45627e-06,2.63715e-06,1.68112e-06,1.13091e-06,6.70997e-07,3.70072e-07
1.57366e-03,1.01534e-03,7.23790e-04,4.99761e-04,3.32305e-04,2.38026e-04,1.79296e-04,1.26823e-04,8.56526e-05,6.23389e-05,4.78017e-05,3.44191e-05,2.32128e-05,1.62359e-05,1.17060e-05,7.38254e-06,4.24952e-06,2.56182e-06,1.60272e-06,8.34225e-07,3.74079e-07
1.85861e-03,1.20376e-03,8.54679e-04,5.84361e-04,3.84687e-04,2.73552e-04,2.04779e-04,1.43467e-04,9.51939e-05,6.77953e-05,5.08259e-05,3.55752e-05,2.34135e-05,1.62870e-05,1.18539e-05,7.73652e-06,4.74930e-06,3.08835e-06,2.09520e-06,1.24138e-06,6.70973e-07
1.57366e-03,1.01533e-03,7.23788e-04,4.99759e-04,3.32300e-04,2.37996e-04,1.79195e-04,1.26501e-04,8.48292e-05,6.09826e-05,4.60419e-05,3.24179e-05,2.13637e-05,1.48033e-05,1.07087e-05,6.92274e-06,4.21818e-06,2.74416e-06,1.87773e-06,1.14131e-06,6.50707e-07
1.60614e-03,1.01798e-03,7.08481e-04,4.71712e-04,3.00080e-04,2.08539e-04,1.54495e-04,1.08467e-04,7.34473e-05,5.36809e-05,4.12185e-05,2.97113e-05,2.01968e-05,1.44203e-05,1.07192e-05,7.17753e-06,4.52319e-06,3.00476e-06,2.07697e-06,1.26278e-06,7.05157e-07
1.57370e-03,1.01553e-03,7.24309e-04,5.01007e-04,3.34646e-04,2.41066e-04,1.82421e-04,1.29246e-04,8.63482e-05,6.14085e-05,4.57484e-05,3.16717e-05,2.05948e-05,1.42473e-05,1.03646e-05,6.80125e-06,4.22477e-06,2.78508e-06,1.91586e-06,1.15864e-06,6.42884e-07
1.60744e-03,1.03816e-03,7.37523e-04,5.03876e-04,3.28233e-04,2.29919e-04,1.69692e-04,1.17190e-04,7.72193e-05,5.51412e-05,4.16170e-05,2.94660e-05,1.97035e-05,1.39137e-05,1.02653e-05,6.82313e-06,4.27444e-06,2.82890e-06,1.95032e-06,1.18261e-06,6.59057e-07
1.57366e-03,1.01534e-03,7.23789e-04,4.99760e-04,3.32301e-04,2.37998e-04,1.79196e-04,1.26504e-04,8.48380e-05,6.10094e-05,4.61017e-05,3.25473e-05,2.15932e-05,1.51036e-05,1.10362e-05,7.23334e-06,4.45647e-06,2.90481e-06,1.97413e-06,1.17218e-06,6.35251e-07
1.56992e-03,1.01227e-03,7.21306e-04,4.97882e-04,3.30958e-04,2.36995e-04,1.78424e-04,1.25954e-04,8.44810e-05,6.07692e-05,4.59356e-05,3.24470e-05,2.15430e-05,1.50805e-05,1.10283e-05,7.23770e-06,4.46738e-06,2.91771e-06,1.98711e-06,1.18396e-06,6.44900e-07
1.59566e-03,1.00930e-03,7.01306e-04,4.66365e-04,2.96766e-04,2.06718e-04,1.53722e-04,1.08655e-04,7.43249e-05,5.48530e-05,4.24931e-05,3.09837e-05,2.13560e-05,1.54350e-05,1.15976e-05,7.87970e-06,5.05148e-06,3.40873e-06,2.39101e-06,1.48419e-06,8.50394e-07
1.57370e-03,1.01551e-03,7.24275e-04,5.00955e-04,3.34590e-04,2.41014e-04,1.82350e-04,1.29103e-04,8.60653e-05,6.10175e-05,4.53057e-05,3.12394e-05,2.02555e-05,1.40190e-05,1.02288e-05,6.76389e-06,4.25663e-06,2.84718e-06,1.98835e-06,1.23050e-06,7.03963e-07
1.57366e-03,1.01534e-03,7.23789e-04,4.99760e-04,3.32301e-04,2.37998e-04,1.79196e-04,1.26503e-04,8.48365e-05,6.10074e-05,4.60994e-05,3.25450e-05,2.15913e-05,1.51022e-05,1.10352e-05,7.23296e-06,4.45651e-06,2.90505e-06,1.97445e-06,1.17251e-06,6.35553e-07
1.57366e-03,1.01534e-03,7.23789e-04,4.99760e-04,3.32301e-04,2.37998e-04,1.79196e-04,1.26503e-04,8.48365e-05,6.10074e-05,4.60994e-05,3.25449e-05,2.15910e-05,1.51019e-05,1.10350e-05,7.23282e-06,4.45653e-06,2.90518e-06,1.97465e-06,1.17274e-06,6.35744e-07
1.57366e-03,1.01534e-03,7.23789e-04,4.99760e-04,3.32300e-04,2.37994e-04,1.79189e-04,1.26488e-04,8.48131e-05,6.09787e-05,4.60694e-05,3.25182e-05,2.15737e-05,1.50947e-05,1.10362e-05,7.24266e-06,4.47115e-06,2.92018e-06,1.98797e-06,1.18248e-06,6.41192e-07
1.57366e-03,1.01534e-03,7.23789e-04,4.99760e-04,3.32301e-04,2.37998e-04,1.79196e-04,1.26503e-04,8.48365e-05,6.10074e-05,4.60994e-05,3.25449e-05,2.15910e-05,1.51019e-05,1.10350e-05,7.23280e-06,4.45650e-06,2.90516e-06,1.97463e-06,1.17273e-06,6.35746e-07
1.57366e-03,1.01533e-03,7.23774e-04,4.99713e-04,3.32180e-04,2.37789e-04,1.78912e-04,1.26153e-04,8.44826e-05,6.07129e-05,4.58866e-05,3.24432e-05,2.15973e-05,1.51657e-05,1.11231e-05,7.32635e-06,4.53607e-06,2.96673e-06,2.02048e-06,1.20139e-06,6.50597e-07
1.57366e-03,1.01534e-03,7.23789e-04,4.99760e-04,3.32301e-04,2.37998e-04,1.79196e-04,1.26503e-04,8.48365e-05,6.10074e-05,4.60994e-05,3.25449e-05,2.15910e-05,1.51019e-05,1.10350e-05,7.23282e-06,4.45652e-06,2.90518e-06,1.97465e-06,1.17274e-06,6.35746e-07
1.63130e-03,1.05212e-03,7.48644e-04,5.15320e-04,3.41548e-04,2.44013e-04,1.83331e-04,1.29048e-04,8.62115e-05,6.17854e-05,4.65546e-05,3.27560e-05,2.16505e-05,1.50956e-05,1.09993e-05,7.18106e-06,4.40299e-06,2.85638e-06,1.93188e-06,1.13838e-06,6.10161e-07
1.57366e-03,1.01534e-03,7.23794e-04,4.99796e-04,3.32498e-04,2.38529e-04,1.80187e-04,1.28171e-04,8.71716e-05,6.35769e-05,4.85780e-05,3.45893e-05,2.28878e-05,1.57467e-05,1.12147e-05,6.99131e-06,3.99791e-06,2.41009e-06,1.51461e-06,7.98654e-07,3.68075e-07
1.57386e-03,1.01630e-03,7.26378e-04,5.05900e-04,3.43643e-04,2.52613e-04,1.94465e-04,1.39657e-04,9.28464e-05,6.44242e-05,4.63415e-05,3.03538e-05,1.83756e-05,1.19979e-05,8.35316e-06,5.23228e-06,3.12377e-06,2.00573e-06,1.35277e-06,7.99137e-07,4.32405e-07
1.70138e-03,1.06471e-03,7.20840e-04,4.55338e-04,2.68460e-04,1.75310e-04,1.24317e-04,8.41664e-05,5.57405e-05,4.04099e-05,3.09068e-05,2.22187e-05,1.50872e-05,1.07750e-05,8.01217e-06,5.36293e-06,3.37201e-06,2.23227e-06,1.53692e-06,9.28794e-07,5.14738e-07
9.53160e-04,6.85557e-04,5.27125e-04,3.88051e-04,2.70968e-04,1.99234e-04,1.52565e-04,1.09728e-04,7.50383e-05,5.47234e-05,4.17608e-05,2.97639e-05,1.99014e-05,1.39878e-05,1.02522e-05,6.73716e-06,4.15621e-06,2.70888e-06,1.83937e-06,1.08975e-06,5.88146e-07
1.57365e-03,1.01533e-03,7.23780e-04,4.99689e-04,3.31911e-04,2.36948e-04,1.77247e-04,1.23256e-04,8.03993e-05,5.62991e-05,4.17637e-05,2.92606e-05,1.98306e-05,1.44946e-05,1.11533e-05,7.91535e-06,5.35278e-06,3.77506e-06,2.74094e-06,1.76666e-06,1.04314e-06
1.57372e-03,1.01568e-03,7.24725e-04,5.01985e-04,3.36248e-04,2.42698e-04,1.83562e-04,1.29415e-04,8.55972e-05,6.04124e-05,4.48900e-05,3.11607e-05,2.04472e-05,1.42645e-05,1.04408e-05,6.88858e-06,4.29352e-06,2.83297e-06,1.94757e-06,1.17442e-06,6.47547e-07
1.54768e-03,9.76258e-04,6.83404e-04,4.64291e-04,3.05568e-04,2.18267e-04,1.64406e-04,1.16289e-04,7.82410e-05,5.64569e-05,4.28127e-05,3.03849e-05,2.03040e-05,1.42978e-05,1.05113e-05,6.94668e-06,4.32064e-06,2.83969e-06,1.94416e-06,1.16599e-06,6.39540e-07
1.41976e-03,9.33322e-04,6.52110e-04,4.23609e-04,2.56975e-04,1.69248e-04,1.18581e-04,7.67467e-05,4.63860e-05,3.04985e-05,2.13494e-05,1.37785e-05,8.35369e-06,5.49767e-06,3.86234e-06,2.45505e-06,1.50496e-06,1.00247e-06,7.08371e-07,4.54846e-07,2.79493e-07
3.64766e-03,2.17268e-03,1.39799e-03,8.30319e-04,4.60027e-04,2.85226e-04,1.92114e-04,1.19994e-04,7.06620e-05,4.58938e-05,3.18919e-05,2.04039e-05,1.21934e-05,7.86996e-06,5.40491e-06,3.30827e-06,1.92924e-06,1.22686e-06,8.32160e-07,5.07334e-07,2.95784e-07
1.95733e-03,1.30891e-03,9.28389e-04,6.14338e-04,3.81049e-04,2.55464e-04,1.81462e-04,1.19159e-04,7.30437e-05,4.85485e-05,3.43230e-05,2.24621e-05,1.38617e-05,9.24995e-06,6.55443e-06,4.17897e-06,2.53492e-06,1.65173e-06,1.13360e-06,6.91718e-07,3.95009e-07
1.95654e-03,1.30815e-03,9.27709e-04,6.13773e-04,3.80573e-04,2.55040e-04,1.81104e-04,1.18925e-04,7.29928e-05,4.86320e-05,3.44836e-05,2.26598e-05,1.40423e-05,9.39069e-06,6.65829e-06,4.24152e-06,2.56654e-06,1.66761e-06,1.14149e-06,6.94175e-07,3.95073e-07
4.14051e-03,2.62537e-03,1.78295e-03,1.12452e-03,6.62337e-04,4.27222e-04,2.94632e-04,1.87186e-04,1.10753e-04,7.15496e-05,4.93633e-05,3.13409e-05,1.87053e-05,1.21698e-05,8.46486e-06,5.29555e-06,3.16437e-06,2.04438e-06,1.39596e-06,8.48086e-07,4.82989e-07
1.95080e-03,1.30245e-03,9.22732e-04,6.10189e-04,3.78820e-04,2.54600e-04,1.81462e-04,1.19816e-04,7.39895e-05,4.94831e-05,3.51539e-05,2.31293e-05,1.43501e-05,9.61688e-06,6.83931e-06,4.38176e-06,2.67232e-06,1.74904e-06,1.20478e-06,7.38368e-07,4.23402e-07
1.95654e-03,1.30817e-03,9.27770e-04,6.13943e-04,3.80927e-04,2.55526e-04,1.81619e-04,1.19345e-04,7.31580e-05,4.85570e-05,3.42404e-05,2.22992e-05,1.36657e-05,9.07073e-06,6.40870e-06,4.08620e-06,2.49420e-06,1.64319e-06,1.14354e-06,7.14688e-07,4.22457e-07
1.86463e-03,1.23809e-03,8.73964e-04,5.76192e-04,3.56813e-04,2.39446e-04,1.70483e-04,1.12444e-04,6.93963e-05,4.64314e-05,3.30260e-05,2.17831e-05,1.35672e-05,9.12548e-06,6.51105e-06,4.18986e-06,2.56902e-06,1.69031e-06,1.17058e-06,7.23426e-07,4.19680e-07
1.96414e-03,1.31528e-03,9.33624e-04,6.17790e-04,3.82504e-04,2.55658e-04,1.80937e-04,1.18157e-04,7.18936e-05,4.74738e-05,3.33837e-05,2.17192e-05,1.33371e-05,8.88029e-06,6.29033e-06,4.01729e-06,2.44696e-06,1.60259e-06,1.10584e-06,6.80338e-07,3.92641e-07
1.95654e-03,1.30817e-03,9.27771e-04,6.13944e-04,3.80929e-04,2.55532e-04,1.81635e-04,1.19389e-04,7.32556e-05,4.87078e-05,3.44303e-05,2.25144e-05,1.38724e-05,9.24384e-06,6.54328e-06,4.16866e-06,2.52898e-06,1.64944e-06,1.13364e-06,6.93502e-07,3.97456e-07
1.95654e-03,1.30817e-03,9.27771e-04,6.13944e-04,3.80928e-04,2.55528e-04,1.81627e-04,1.19370e-04,7.32225e-05,4.86679e-05,3.43913e-05,2.24850e-05,1.38594e-05,9.24348e-06,6.55025e-06,4.18005e-06,2.54024e-06,1.65859e-06,1.14056e-06,6.97843e-07,3.99706e-07
1.94179e-03,1.29470e-03,9.15992e-04,6.04428e-04,3.73877e-04,2.50237e-04,1.77577e-04,1.16524e-04,7.13919e-05,4.74347e-05,3.35267e-05,2.19385e-05,1.35456e-05,9.05049e-06,6.42428e-06,4.10891e-06,2.50335e-06,1.63817e-06,1.12886e-06,6.92774e-07,3.98381e-07
1.95959e-03,1.31145e-03,9.30865e-04,6.16455e-04,3.82520e-04,2.56373e-04,1.81943e-04,1.19223e-04,7.27921e-05,4.81606e-05,3.38936e-05,2.20491e-05,1.35198e-05,8.98297e-06,6.34851e-06,4.04041e-06,2.45057e-06,1.59876e-06,1.09935e-06,6.73196e-07,3.86464e-07
1.95654e-03,1.30817e-03,9.27771e-04,6.13944e-04,3.80928e-04,2.55529e-04,1.81628e-04,1.19373e-04,7.32286e-05,4.86770e-05,3.44022e-05,2.24959e-05,1.38677e-05,9.24827e-06,6.55208e-06,4.17892e-06,2.53746e-06,1.65551e-06,1.13772e-06,6.95643e-07,3.98272e-07
1.95654e-03,1.30817e-03,9.27771e-04,6.13944e-04,3.80928e-04,2.55528e-04,1.81627e-04,1.19370e-04,7.32225e-05,4.86679e-05,3.43914e-05,2.24850e-05,1.38595e-05,9.24359e-06,6.55036e-06,4.18016e-06,2.54031e-06,1.65863e-06,1.14056e-06,6.97818e-07,3.99664e-07
1.95654e-03,1.30817e-03,9.27771e-04,6.13946e-04,3.80936e-04,2.55546e-04,1.81654e-04,1.19407e-04,7.32640e-05,4.87038e-05,3.44166e-05,2.24936e-05,1.38504e-05,9.22490e-06,6.52834e-06,4.15925e-06,2.52477e-06,1.64849e-06,1.13463e-06,6.95934e-07,4.00414e-07
1.95654e-03,1.30817e-03,9.27771e-04,6.13944e-04,3.80928e-04,2.55529e-04,1.81629e-04,1.19375e-04,7.32309e-05,4.86782e-05,3.44012e-05,2.24917e-05,1.38608e-05,9.24084e-06,6.54551e-06,4.17452e-06,2.53561e-06,1.65532e-06,1.13847e-06,6.96953e-07,3.99644e-07
1.95654e-03,1.30817e-03,9.27771e-04,6.13944e-04,3.80928e-04,2.55528e-04,1.81627e-04,1.19370e-04,7.32225e-05,4.86681e-05,3.43915e-05,2.24853e-05,1.38597e-05,9.24367e-06,6.55032e-06,4.17996e-06,2.54001e-06,1.65831e-06,1.14028e-06,6.97616e-07,3.99575e-07
1.95654e-03,1.30817e-03,9.27771e-04,6.13944e-04,3.80928e-04,2.55528e-04,1.81627e-04,1.19370e-04,7.32225e-05,4.86679e-05,3.43913e-05,2.24850e-05,1.38594e-05,9.24347e-06,6.55024e-06,4.18005e-06,2.54024e-06,1.65860e-06,1.14056e-06,6.97848e-07,3.99709e-07
1.97789e-03,1.32599e-03,9.42349e-04,6.24822e-04,3.88236e-04,2.60514e-04,1.85090e-04,1.21465e-04,7.42741e-05,4.91784e-05,3.46104e-05,2.24944e-05,1.37590e-05,9.11352e-06,6.41919e-06,4.06365e-06,2.44670e-06,1.58418e-06,1.08088e-06,6.53964e-07,3.69340e-07
1.95654e-03,1.30817e-03,9.27771e-04,6.13943e-04,3.80926e-04,2.55524e-04,1.81620e-04,1.19357e-04,7.32035e-05,4.86456e-05,3.43682e-05,2.24641e-05,1.38443e-05,9.23443e-06,6.54619e-06,4.18123e-06,2.54483e-06,1.66433e-06,1.14632e-06,7.02826e-07,4.03380e-07
1.95654e-03,1.30816e-03,9.27763e-04,6.13911e-04,3.80826e-04,2.55334e-04,1.81347e-04,1.19009e-04,7.28470e-05,4.83529e-05,3.41662e-05,2.23864e-05,1.38852e-05,9.33354e-06,6.66397e-06,4.29202e-06,2.62744e-06,1.72027e-06,1.18233e-06,7.20168e-07,4.08534e-07
1.95654e-03,1.30817e-03,9.27771e-04,6.13944e-04,3.80929e-04,2.55533e-04,1.81640e-04,1.19401e-04,7.32796e-05,4.87405e-05,3.44670e-05,2.25500e-05,1.38998e-05,9.26161e-06,6.55312e-06,4.17026e-06,2.52518e-06,1.64361e-06,1.12738e-06,6.87739e-07,3.92865e-07
1.95655e-03,1.30817e-03,9.27808e-04,6.14102e-04,3.81417e-04,2.56452e-04,1.82943e-04,1.21041e-04,7.49487e-05,5.01399e-05,3.55009e-05,2.30992e-05,1.39858e-05,9.09860e-06,6.27803e-06,3.85295e-06,2.23997e-06,1.41111e-06,9.43304e-07,5.58687e-07,3.10693e-07
1.31282e-03,8.22462e-04,5.57752e-04,3.55463e-04,2.14581e-04,1.42536e-04,1.01294e-04,6.71029e-05,4.20331e-05,2.86977e-05,2.08600e-05,1.41776e-05,9.14093e-06,6.30848e-06,4.58446e-06,3.00465e-06,1.86890e-06,1.23993e-06,8.63202e-07,5.36130e-07,3.12225e-07
1.95654e-03,1.30817e-03,9.27771e-04,6.13944e-04,3.80928e-04,2.55526e-04,1.81619e-04,1.19344e-04,7.31571e-05,4.85646e-05,3.42634e-05,2.23518e-05,1.37553e-05,9.18220e-06,6.52561e-06,4.19236e-06,2.57266e-06,1.69452e-06,1.17330e-06,7.23007e-07,4.16019e-07
1.95654e-03,1.30817e-03,9.27771e-04,6.13943e-04,3.80926e-04,2.55519e-04,1.81597e-04,1.19285e-04,7.30278e-05,4.83709e-05,3.40286e-05,2.21032e-05,1.35425e-05,9.02888e-06,6.42828e-06,4.15951e-06,2.58731e-06,1.73015e-06,1.21594e-06,7.64978e-07,4.50774e-07
3.66927e-03,2.25801e-03,1.51611e-03,9.73007e-04,6.17214e-04,4.43086e-04,3.43131e-04,2.55455e-04,1.82195e-04,1.35993e-04,1.04448e-04,7.37465e-05,4.75902e-05,3.17923e-05,2.19747e-05,1.30926e-05,7.05146e-06,3.99330e-06,2.34695e-06,1.10216e-06,4.16428e-07
1.15836e-03,8.17565e-04,6.34872e-04,4.89659e-04,3.74322e-04,3.01565e-04,2.49778e-04,1.95627e-04,1.43653e-04,1.08172e-04,8.31348e-05,5.83990e-05,3.72267e-05,2.44991e-05,1.66563e-05,9.65007e-06,4.97892e-06,2.67541e-06,1.47204e-06,5.98905e-07,1.53046e-07
1.15766e-03,8.16102e-04,6.32670e-04,4.86768e-04,3.71253e-04,2.98950e-04,2.47842e-04,1.94629e-04,1.43547e-04,1.08524e-04,8.36757e-05,5.89859e-05,3.77261e-05,2.48861e-05,1.69518e-05,9.84904e-06,5.10591e-06,2.76337e-06,1.53725e-06,6.44053e-07,1.83072e-07
1.15766e-03,8.16100e-04,6.32657e-04,4.86703e-04,3.71034e-04,2.98526e-04,2.47244e-04,1.93904e-04,1.42879e-04,1.08041e-04,8.33964e-05,5.89407e-05,3.78675e-05,2.51001e-05,1.71775e-05,1.00452e-05,5.24483e-06,2.85368e-06,1.59254e-06,6.67354e-07,1.86417e-07
1.16485e-03,8.20748e-04,6.35648e-04,4.88218e-04,3.71371e-04,2.98157e-04,2.46416e-04,1.92659e-04,1.41332e-04,1.06382e-04,8.17356e-05,5.73818e-05,3.65355e-05,2.40151e-05,1.63163e-05,9.46213e-06,4.91633e-06,2.68501e-06,1.52103e-06,6.71731e-07,2.27152e-07
1.16798e-03,8.26362e-04,6.42387e-04,4.95269e-04,3.77687e-04,3.03287e-04,2.50354e-04,1.95142e-04,1.42383e-04,1.06560e-04,8.14158e-05,5.67335e-05,3.58018e-05,2.33594e-05,1.57749e-05,9.08081e-06,4.67986e-06,2.53512e-06,1.42203e-06,6.14244e-07,1.95718e-07
1.15766e-03,8.16100e-04,6.32658e-04,4.86707e-04,3.71055e-04,2.98582e-04,2.47348e-04,1.94080e-04,1.43124e-04,1.08307e-04,8.36445e-05,5.91271e-05,3.79557e-05,2.51086e-05,1.71343e-05,9.96343e-06,5.15541e-06,2.77631e-06,1.53214e-06,6.29594e-07,1.68846e-07
1.15791e-03,8.15797e-04,6.32111e-04,4.86034e-04,3.70336e-04,2.97841e-04,2.46582e-04,1.93280e-04,1.42314e-04,1.07538e-04,8.29531e-05,5.85777e-05,3.75996e-05,2.49088e-05,1.70449e-05,9.97673e-06,5.22793e-06,2.86515e-06,1.61865e-06,7.01387e-07,2.19299e-07
1.15766e-03,8.16101e-04,6.32664e-04,4.86741e-04,3.71166e-04,2.98791e-04,2.47625e-04,1.94373e-04,1.43308e-04,1.08337e-04,8.35427e-05,5.89143e-05,3.77069e-05,2.48940e-05,1.69730e-05,9.87811e-06,5.13623e-06,2.79154e-06,1.56242e-06,6.64739e-07,1.98764e-07
1.15766e-03,8.16100e-04,6.32657e-04,4.86703e-04,3.71034e-04,2.98526e-04,2.47244e-04,1.93904e-04,1.42878e-04,1.08041e-04,8.33959e-05,5.89403e-05,3.78672e-05,2.51000e-05,1.71775e-05,1.00452e-05,5.24490e-06,2.85376e-06,1.59262e-06,6.67426e-07,1.86472e-07
1.15766e-03,8.16100e-04,6.32657e-04,4.86703e-04,3.71034e-04,2.98526e-04,2.47243e-04,1.93903e-04,1.42877e-04,1.08039e-04,8.33948e-05,5.89395e-05,3.78670e-05,2.51001e-05,1.71778e-05,1.00458e-05,5.24543e-06,2.85422e-06,1.59300e-06,6.67684e-07,1.86614e-07
1.15651e-03,8.13810e-04,6.29368e-04,4.82662e-04,3.67134e-04,2.95563e-04,2.45419e-04,1.93538e-04,1.43840e-04,1.09621e-04,8.51458e-05,6.05527e-05,3.90625e-05,2.58942e-05,1.76704e-05,1.02418e-05,5.24742e-06,2.77621e-06,1.48820e-06,5.62075e-07,1.00929e-07
1.15766e-03,8.16100e-04,6.32657e-04,4.86703e-04,3.71034e-04,2.98526e-04,2.47244e-04,1.93904e-04,1.42878e-04,1.08040e-04,8.33959e-05,5.89402e-05,3.78672e-05,2.51000e-05,1.71775e-05,1.00452e-05,5.24490e-06,2.85376e-06,1.59263e-06,6.67431e-07,1.86477e-07
1.15748e-03,8.15705e-04,6.32038e-04,4.85837e-04,3.70010e-04,2.97523e-04,2.46356e-04,1.93240e-04,1.42509e-04,1.07893e-04,8.33972e-05,5.90627e-05,3.80530e-05,2.52920e-05,1.73540e-05,1.01878e-05,5.34689e-06,2.92575e-06,1.64363e-06,6.98453e-07,2.03117e-07
1.10293e-03,7.77267e-04,6.05881e-04,4.72885e-04,3.69945e-04,3.05795e-04,2.59467e-04,2.09335e-04,1.58606e-04,1.22055e-04,9.51493e-05,6.75768e-05,4.31567e-05,2.81455e-05,1.88227e-05,1.05170e-05,5.08765e-06,2.50680e-06,1.22358e-06,3.56442e-07,-2.83085e-08
1.19783e-03,8.45462e-04,6.54221e-04,5.01346e-04,3.80794e-04,3.05792e-04,2.53043e-04,1.98378e-04,1.46173e-04,1.10538e-04,8.53187e-05,6.02726e-05,3.86676e-05,2.55658e-05,1.74327e-05,1.01137e-05,5.19895e-06,2.76413e-06,1.49144e-06,5.72866e-07,1.12829e-07
1.15766e-03,8.16100e-04,6.32657e-04,4.86704e-04,3.71043e-04,2.98553e-04,2.47298e-04,1.94001e-04,1.43023e-04,1.08207e-04,8.35630e-05,5.90868e-05,3.79729e-05,2.51677e-05,1.72161e-05,1.00543e-05,5.23352e-06,2.83348e-06,1.56931e-06,6.44408e-07,1.66830e-07
1.15766e-03,8.16106e-04,6.32690e-04,4.86862e-04,3.71558e-04,2.99534e-04,2.48664e-04,1.95645e-04,1.44552e-04,1.09354e-04,8.42883e-05,5.93248e-05,3.78062e-05,2.48207e-05,1.68131e-05,9.67046e-06,4.93157e-06,2.61302e-06,1.41347e-06,5.54171e-07,1.24929e-07
1.16045e-03,8.22131e-04,6.41976e-04,4.99431e-04,3.85554e-04,3.12256e-04,2.58991e-04,2.02300e-04,1.47217e-04,1.09512e-04,8.30299e-05,5.71387e-05,3.53727e-05,2.25922e-05,1.49002e-05,8.22312e-06,3.94570e-06,1.93595e-06,9.39907e-07,2.66458e-07,-3.30772e-08
1.24231e-03,8.80315e-04,6.79587e-04,5.14205e-04,3.79782e-04,2.95693e-04,2.37708e-04,1.79762e-04,1.27241e-04,9.32526e-05,7.02136e-05,4.82355e-05,3.00898e-05,1.95066e-05,1.31219e-05,7.52269e-06,3.85128e-06,2.06268e-06,1.13455e-06,4.63499e-07,1.21016e-07
9.87206e-04,7.00662e-04,5.51638e-04,4.33377e-04,3.35777e-04,2.72044e-04,2.25819e-04,1.77023e-04,1.30030e-04,9.79164e-05,7.52439e-05,5.28337e-05,3.36465e-05,2.21148e-05,1.50149e-05,8.68208e-06,4.47127e-06,2.40164e-06,1.32379e-06,5.43699e-07,1.45626e-07
1.15766e-03,8.16100e-04,6.32656e-04,4.86692e-04,3.70958e-04,2.98297e-04,2.46788e-04,1.93107e-04,1.41766e-04,1.06870e-04,8.23449e-05,5.81925e-05,3.75363e-05,2.50679e-05,1.73215e-05,1.03083e-05,5.52630e-06,3.09848e-06,1.78936e-06,8.01507e-07,2.63738e-07
1.15765e-03,8.16096e-04,6.32636e-04,4.86598e-04,3.70635e-04,2.97633e-04,2.45762e-04,1.91641e-04,1.39953e-04,1.04995e-04,8.05956e-05,5.67870e-05,3.66598e-05,2.46345e-05,1.72011e-05,1.04736e-05,5.84723e-06,3.45373e-06,2.12778e-06,1.08560e-06,4.73650e-07
1.15198e-03,8.03611e-04,6.13259e-04,4.60396e-04,3.41810e-04,2.72018e-04,2.25680e-04,1.79842e-04,1.37033e-04,1.07508e-04,8.60018e-05,6.37380e-05,4.33853e-05,3.02315e-05,2.16039e-05,1.33744e-05,7.45569e-06,4.31204e-06,2.56030e-06,1.20022e-06,4.34285e-07
1.17970e-03,8.05420e-04,6.06329e-04,4.52706e-04,3.37861e-04,2.69854e-04,2.23355e-04,1.75846e-04,1.30663e-04,9.97065e-05,7.76451e-05,5.55333e-05,3.62165e-05,2.43343e-05,1.68616e-05,1.00352e-05,5.35762e-06,2.98317e-06,1.70837e-06,7.54026e-07,2.41961e-07
3.74627e-03,2.26392e-03,1.48653e-03,9.21290e-04,5.57895e-04,3.86821e-04,2.93595e-04,2.16355e-04,1.54481e-04,1.15569e-04,8.84537e-05,6.14621e-05,3.81401e-05,2.41803e-05,1.57552e-05,8.51657e-06,4.01415e-06,1.98221e-06,1.01327e-06,3.74918e-07,8.78409e-08
1.09991e-03,7.33055e-04,5.19805e-04,3.44695e-04,2.14628e-04,1.44611e-04,1.03307e-04,6.84256e-05,4.24238e-05,2.84468e-05,2.02210e-05,1.32713e-05,8.16982e-06,5.42244e-06,3.82185e-06,2.42344e-06,1.46804e-06,9.60509e-07,6.64505e-07,4.12164e-07,2.41563e-07
2.02361e-03,1.39224e-03,1.02650e-03,7.21010e-04,4.83608e-04,3.48510e-04,2.64241e-04,1.88392e-04,1.26983e-04,9.09109e-05,6.80205e-05,4.72529e-05,3.07634e-05,2.12627e-05,1.54492e-05,1.01367e-05,6.33528e-06,4.23187e-06,2.96735e-06,1.86106e-06,1.09427e-06
2.02360e-03,1.39216e-03,1.02629e-03,7.20531e-04,4.82774e-04,3.47483e-04,2.63192e-04,1.87491e-04,1.26396e-04,9.06024e-05,6.79144e-05,4.73247e-05,3.09428e-05,2.14671e-05,1.56439e-05,1.02963e-05,6.44902e-06,4.31141e-06,3.02335e-06,1.89519e-06,1.11306e-06
2.02360e-03,1.39216e-03,1.02629e-03,7.20531e-04,4.82774e-04,3.47483e-04,2.63192e-04,1.87490e-04,1.26390e-04,9.05852e-05,6.78824e-05,4.72719e-05,3.08745e-05,2.13998e-05,1.55873e-05,1.02608e-05,6.43628e-06,4.31253e-06,3.03174e-06,1.90759e-06,1.12541e-06
2.02360e-03,1.39216e-03,1.02629e-03,7.20531e-04,4.82774e-04,3.47483e-04,2.63192e-04,1.87489e-04,1.26385e-04,9.05691e-05,6.78525e-05,4.72221e-05,3.08096e-05,2.13356e-05,1.55334e-05,1.02276e-05,6.42547e-06,4.31521e-06,3.04128e-06,1.92059e-06,1.13781e-06
2.02360e-03,1.39216e-03,1.02629e-03,7.20531e-04,4.82774e-04,3.47483e-04,2.63192e-04,1.87490e-04,1.26390e-04,9.05839e-05,6.78791e-05,4.72639e-05,3.08592e-05,2.13794e-05,1.55651e-05,1.02407e-05,6.42252e-06,4.30501e-06,3.02895e-06,1.90902e-06,1.12911e-06
2.02360e-03,1.39216e-03,1.02629e-03,7.20531e-04,4.82774e-04,3.47483e-04,2.63192e-04,1.87490e-04,1.26390e-04,9.05848e-05,6.78815e-05,4.72692e-05,3.08681e-05,2.13894e-05,1.55738e-05,1.02451e-05,6.42102e-06,4.29964e-06,3.02169e-06,1.90132e-06,1.12268e-06
2.02360e-03,1.39216e-03,1.02629e-03,7.20531e-04,4.82774e-04,3.47483e-04,2.63192e-04,1.87491e-04,1.26397e-04,9.06024e-05,6.79105e-05,4.73104e-05,3.09127e-05,2.14265e-05,1.56004e-05,1.02576e-05,6.42318e-06,4.29751e-06,3.01825e-06,1.89781e-06,1.11981e-06
2.02360e-03,1.39216e-03,1.02629e-03,7.20531e-04,4.82774e-04,3.47483e-04,2.63192e-04,1.87490e-04,1.26390e-04,9.05850e-05,6.78818e-05,4.72700e-05,3.08704e-05,2.13940e-05,1.55807e-05,1.02546e-05,6.43193e-06,4.31015e-06,3.03089e-06,1.90811e-06,1.12664e-06
2.02360e-03,1.39216e-03,1.02629e-03,7.20531e-04,4.82774e-04,3.47483e-04,2.63192e-04,1.87490e-04,1.26391e-04,9.05886e-05,6.78883e-05,4.72804e-05,3.08829e-05,2.14050e-05,1.55886e-05,1.02575e-05,6.43060e-06,4.30695e-06,3.02722e-06,1.90480e-06,1.12426e-06
2.02360e-03,1.39216e-03,1.02629e-03,7.20531e-04,4.82774e-04,3.47483e-04,2.63192e-04,1.87490e-04,1.26390e-04,9.05850e-05,6.78818e-05,4.72701e-05,3.08705e-05,2.13940e-05,1.55807e-05,1.02546e-05,6.43196e-06,4.31017e-06,3.03090e-06,1.90811e-06,1.12664e-06
2.02360e-03,1.39216e-03,1.02630e-03,7.20573e-04,4.82871e-04,3.47631e-04,2.63372e-04,1.87678e-04,1.26542e-04,9.06822e-05,6.79281e-05,4.72618e-05,3.08196e-05,2.13259e-05,1.55094e-05,1.01902e-05,6.38302e-06,4.27575e-06,3.00797e-06,1.89689e-06,1.12401e-06
2.02360e-03,1.39216e-03,1.02629e-03,7.20531e-04,4.82774e-04,3.47483e-04,2.63192e-04,1.87490e-04,1.26392e-04,9.05898e-05,6.78892e-05,4.72792e-05,3.08772e-05,2.13956e-05,1.55776e-05,1.02473e-05,6.42381e-06,4.30353e-06,3.02629e-06,1.90598e-06,1.12644e-06
2.02360e-03,1.39216e-03,1.02629e-03,7.20531e-04,4.82774e-04,3.47483e-04,2.63192e-04,1.87490e-04,1.26390e-04,9.05853e-05,6.78825e-05,4.72715e-05,3.08725e-05,2.13960e-05,1.55821e-05,1.02548e-05,6.43083e-06,4.30845e-06,3.02907e-06,1.90654e-06,1.12560e-06
2.02360e-03,1.39216e-03,1.02629e-03,7.20531e-04,4.82774e-04,3.47483e-04,2.63192e-04,1.87490e-04,1.26390e-04,9.05850e-05,6.78818e-05,4.72701e-05,3.08705e-05,2.13940e-05,1.55807e-05,1.02546e-05,6.43193e-06,4.31013e-06,3.03085e-06,1.90807e-06,1.12661e-06
2.02360e-03,1.39216e-03,1.02629e-03,7.20531e-04,4.82774e-04,3.47483e-04,2.63192e-04,1.87490e-04,1.26390e-04,9.05850e-05,6.78818e-05,4.72700e-05,3.08704e-05,2.13940e-05,1.55807e-05,1.02546e-05,6.43193e-06,4.31015e-06,3.03089e-06,1.90811e-06,1.12664e-06
2.02662e-03,1.39586e-03,1.02997e-03,7.23786e-04,4.85339e-04,3.49479e-04,2.64763e-04,1.88630e-04,1.27145e-04,9.10958e-05,6.82308e-05,4.74697e-05,3.09548e-05,2.14184e-05,1.55742e-05,1.02273e-05,6.39746e-06,4.27644e-06,3.00029e-06,1.88277e-06,1.10725e-06
2.02360e-03,1.39216e-03,1.02629e-03,7.20531e-04,4.82774e-04,3.47483e-04,2.63192e-04,1.87490e-04,1.26390e-04,9.05850e-05,6.78817e-05,4.72699e-05,3.08702e-05,2.13937e-05,1.55804e-05,1.02543e-05,6.43173e-06,4.31004e-06,3.03085e-06,1.90814e-06,1.12671e-06
2.02360e-03,1.39216e-03,1.02629e-03,7.20529e-04,4.82767e-04,3.47468e-04,2.63171e-04,1.87462e-04,1.26358e-04,9.05528e-05,6.78526e-05,4.72470e-05,3.08558e-05,2.13862e-05,1.55779e-05,1.02566e-05,6.43702e-06,4.31624e-06,3.03699e-06,1.91350e-06,1.13081e-06
2.02359e-03,1.39213e-03,1.02621e-03,7.20301e-04,4.82243e-04,3.46661e-04,2.62182e-04,1.86394e-04,1.25422e-04,8.98523e-05,6.73855e-05,4.70453e-05,3.08854e-05,2.15368e-05,1.57834e-05,1.04815e-05,6.63807e-06,4.47925e-06,3.16365e-06,1.99771e-06,1.17870e-06
2.02138e-03,1.40600e-03,1.04684e-03,7.43568e-04,5.04436e-04,3.66515e-04,2.79728e-04,2.01113e-04,1.37053e-04,9.91160e-05,7.48188e-05,5.25155e-05,3.45343e-05,2.40210e-05,1.75219e-05,1.15340e-05,7.22223e-06,4.82706e-06,3.38433e-06,2.12055e-06,1.24389e-06
2.02361e-03,1.39221e-03,1.02647e-03,7.21094e-04,4.84099e-04,3.49577e-04,2.65833e-04,1.90474e-04,1.29206e-04,9.29045e-05,6.96437e-05,4.83337e-05,3.12521e-05,2.13627e-05,1.53190e-05,9.83606e-06,5.97825e-06,3.89318e-06,2.66991e-06,1.62805e-06,9.29819e-07
1.95873e-03,1.22125e-03,8.18775e-04,5.09771e-04,2.96768e-04,1.90798e-04,1.32117e-04,8.52404e-05,5.21981e-05,3.51883e-05,2.53964e-05,1.71920e-05,1.11114e-05,7.72699e-06,5.66935e-06,3.77224e-06,2.38774e-06,1.60669e-06,1.13093e-06,7.11156e-07,4.18584e-07
1.33053e-03,9.76933e-04,7.51937e-04,5.49096e-04,3.81912e-04,2.81927e-04,2.17466e-04,1.57918e-04,1.08394e-04,7.86328e-05,5.94412e-05,4.17771e-05,2.75318e-05,1.92091e-05,1.40613e-05,9.30796e-06,5.86858e-06,3.94638e-06,2.78182e-06,1.75567e-06,1.03874e-06
2.02360e-03,1.39216e-03,1.02629e-03,7.20531e-04,4.82774e-04,3.47483e-04,2.63192e-04,1.87490e-04,1.26389e-04,9.05801e-05,6.78708e-05,4.72480e-05,3.08375e-05,2.13589e-05,1.55505e-05,1.02367e-05,6.42816e-06,4.31458e-06,3.03900e-06,1.91729e-06,1.13432e-06
9.76904e-04,6.21016e-04,4.42550e-04,3.14765e-04,2.27642e-04,1.80666e-04,1.50284e-04,1.20026e-04,9.13458e-05,7.13944e-05,5.68592e-05,4.18911e-05,2.83412e-05,1.96832e-05,1.40562e-05,8.73179e-06,4.92451e-06,2.90384e-06,1.77245e-06,8.83185e-07,3.67892e-07
3.94764e-03,2.41812e-03,1.58803e-03,9.64785e-04,5.55490e-04,3.63145e-04,2.61584e-04,1.82918e-04,1.26522e-04,9.45655e-05,7.34352e-05,5.26515e-05,3.43363e-05,2.28870e-05,1.56558e-05,9.09962e-06,4.72816e-06,2.59573e-06,1.49665e-06,7.02137e-07,2.85118e-07
3.99134e-03,2.45410e-03,1.61512e-03,9.82618e-04,5.66961e-04,3.71861e-04,2.68253e-04,1.86553e-04,1.26021e-04,9.10401e-05,6.81472e-05,4.64795e-05,2.85872e-05,1.82048e-05,1.20336e-05,6.75690e-06,3.43096e-06,1.87517e-06,1.09028e-06,5.26658e-07,2.27495e-07
3.99113e-03,2.45310e-03,1.61252e-03,9.76613e-04,5.56022e-04,3.57839e-04,2.53647e-04,1.74083e-04,1.18784e-04,8.85768e-05,6.90322e-05,4.98964e-05,3.28756e-05,2.20488e-05,1.51158e-05,8.75912e-06,4.49564e-06,2.42070e-06,1.36226e-06,6.11607e-07,2.31896e-07
3.99113e-03,2.45310e-03,1.61252e-03,9.76613e-04,5.56011e-04,3.57791e-04,2.53517e-04,1.73771e-04,1.18187e-04,8.77876e-05,6.81818e-05,4.91421e-05,3.23951e-05,2.18374e-05,1.50959e-05,8.90193e-06,4.70377e-06,2.62197e-06,1.53354e-06,7.35342e-07,3.08246e-07
3.91842e-03,2.42335e-03,1.60961e-03,9.92183e-04,5.77618e-04,3.77939e-04,2.70569e-04,1.86703e-04,1.27337e-04,9.47409e-05,7.37866e-05,5.34741e-05,3.55678e-05,2.41987e-05,1.68792e-05,1.00862e-05,5.42042e-06,3.07267e-06,1.82777e-06,9.00406e-07,3.92716e-07
3.97113e-03,2.42963e-03,1.58819e-03,9.53604e-04,5.36575e-04,3.41838e-04,2.40578e-04,1.64589e-04,1.13555e-04,8.67922e-05,6.98211e-05,5.30145e-05,3.73426e-05,2.66381e-05,1.92965e-05,1.20387e-05,6.71157e-06,3.88038e-06,2.32322e-06,1.13594e-06,4.78208e-07
3.99112e-03,2.45310e-03,1.61250e-03,9.76482e-04,5.55495e-04,3.56629e-04,2.51607e-04,1.70911e-04,1.14580e-04,8.40893e-05,6.48127e-05,4.65806e-05,3.10173e-05,2.14054e-05,1.52878e-05,9.59188e-06,5.56129e-06,3.42042e-06,2.20635e-06,1.22400e-06,6.17574e-07
3.99113e-03,2.45310e-03,1.61252e-03,9.76612e-04,5.56011e-04,3.57790e-04,2.53515e-04,1.73762e-04,1.18147e-04,8.76923e-05,6.80233e-05,4.89072e-05,3.21175e-05,2.15812e-05,1.48930e-05,8.79010e-06,4.68199e-06,2.65089e-06,1.58589e-06,7.96046e-07,3.61334e-07
3.99113e-03,2.45310e-03,1.61252e-03,9.76612e-04,5.56011e-04,3.57790e-04,2.53516e-04,1.73771e-04,1.18184e-04,8.77793e-05,6.81665e-05,4.91161e-05,3.23591e-05,2.17983e-05,1.50590e-05,8.87299e-06,4.68640e-06,2.61363e-06,1.53134e-06,7.38271e-07,3.13767e-07
3.99366e-03,2.45230e-03,1.61015e-03,9.73626e-04,5.53401e-04,3.55790e-04,2.52032e-04,1.72801e-04,1.17612e-04,8.74150e-05,6.79215e-05,4.89766e-05,3.23043e-05,2.17917e-05,1.50780e-05,8.90734e-06,4.72108e-06,2.64167e-06,1.55194e-06,7.50095e-07,3.18476e-07
4.00638e-03,2.46970e-03,1.62838e-03,9.89884e-04,5.65162e-04,3.63456e-04,2.56370e-04,1.73557e-04,1.15243e-04,8.35482e-05,6.35937e-05,4.49355e-05,2.92742e-05,1.97653e-05,1.38040e-05,8.35801e-06,4.61925e-06,2.70916e-06,1.66980e-06,8.68017e-07,4.05025e-07
3.99113e-03,2.45310e-03,1.61253e-03,9.76620e-04,5.56045e-04,3.57871e-04,2.53654e-04,1.73985e-04,1.18463e-04,8.80705e-05,6.84326e-05,4.93165e-05,3.24640e-05,2.18298e-05,1.50443e-05,8.82339e-06,4.62646e-06,2.55861e-06,1.48520e-06,7.04586e-07,2.91880e-07
3.99113e-03,2.45310e-03,1.61252e-03,9.76613e-04,5.56011e-04,3.57791e-04,2.53516e-04,1.73771e-04,1.18184e-04,8.77817e-05,6.81716e-05,4.91266e-05,3.23768e-05,2.18206e-05,1.50827e-05,8.89483e-06,4.70259e-06,2.62406e-06,1.53711e-06,7.39400e-07,3.11759e-07
3.99113e-03,2.45310e-03,1.61253e-03,9.76641e-04,5.56117e-04,3.58012e-04,2.53854e-04,1.74224e-04,1.18661e-04,8.81700e-05,6.84264e-05,4.91938e-05,3.22652e-05,2.16261e-05,1.48690e-05,8.70736e-06,4.57464e-06,2.54662e-06,1.49477e-06,7.27119e-07,3.16230e-07
3.99113e-03,2.45310e-03,1.61252e-03,9.76613e-04,5.56011e-04,3.57791e-04,2.53516e-04,1.73771e-04,1.18184e-04,8.77817e-05,6.81716e-05,4.91267e-05,3.23769e-05,2.18207e-05,1.50828e-05,8.89488e-06,4.70258e-06,2.62401e-06,1.53705e-06,7.39328e-07,3.11697e-07
3.99113e-03,2.45310e-03,1.61252e-03,9.76613e-04,5.56011e-04,3.57791e-04,2.53516e-04,1.73771e-04,1.18184e-04,8.77817e-05,6.81716e-05,4.91266e-05,3.23768e-05,2.18206e-05,1.50827e-05,8.89482e-06,4.70258e-06,2.62405e-06,1.53711e-06,7.39399e-07,3.11760e-07
3.99113e-03,2.45310e-03,1.61252e-03,9.76613e-04,5.56011e-04,3.57791e-04,2.53516e-04,1.73770e-04,1.18182e-04,8.77774e-05,6.81654e-05,4.91197e-05,3.23724e-05,2.18207e-05,1.50868e-05,8.90235e-06,4.71050e-06,2.63026e-06,1.54116e-06,7.40858e-07,3.11289e-07
3.98956e-03,2.45226e-03,1.61231e-03,9.76985e-04,5.56740e-04,3.58588e-04,2.54259e-04,1.74368e-04,1.18586e-04,8.80356e-05,6.83214e-05,4.91781e-05,3.23537e-05,2.17628e-05,1.50127e-05,8.82646e-06,4.64954e-06,2.58720e-06,1.51309e-06,7.27734e-07,3.08158e-07
3.99113e-03,2.45310e-03,1.61252e-03,9.76613e-04,5.56011e-04,3.57791e-04,2.53516e-04,1.73771e-04,1.18184e-04,8.77810e-05,6.81704e-05,4.91250e-05,3.23749e-05,2.18189e-05,1.50815e-05,8.89420e-06,4.70253e-06,2.62430e-06,1.53748e-06,7.39807e-07,3.12104e-07
3.98905e-03,2.45007e-03,1.60876e-03,9.72250e-04,5.51439e-04,3.53411e-04,2.49527e-04,1.70511e-04,1.16059e-04,8.67243e-05,6.79917e-05,4.98253e-05,3.36756e-05,2.32603e-05,1.64330e-05,9.95712e-06,5.38678e-06,3.03165e-06,1.76444e-06,8.18271e-07,3.10380e-07
3.98697e-03,2.44958e-03,1.60980e-03,9.74883e-04,5.55255e-04,3.57613e-04,2.53667e-04,1.74155e-04,1.18683e-04,8.83019e-05,6.86789e-05,4.95928e-05,3.27716e-05,2.21428e-05,1.53401e-05,9.07195e-06,4.80616e-06,2.68137e-06,1.56613e-06,7.45881e-07,3.06532e-07
3.99113e-03,2.45310e-03,1.61252e-03,9.76613e-04,5.56011e-04,3.57791e-04,2.53516e-04,1.73771e-04,1.18184e-04,8.77817e-05,6.81716e-05,4.91266e-05,3.23767e-05,2.18205e-05,1.50826e-05,8.89477e-06,4.70255e-06,2.62404e-06,1.53711e-06,7.39410e-07,3.11775e-07
3.99113e-03,2.45310e-03,1.61252e-03,9.76613e-04,5.56011e-04,3.57790e-04,2.53516e-04,1.73769e-04,1.18178e-04,8.77683e-05,6.81507e-05,4.90985e-05,3.23473e-05,2.17966e-05,1.50664e-05,8.88907e-06,4.70525e-06,2.63042e-06,1.54450e-06,7.46256e-07,3.16921e-07
3.99113e-03,2.45310e-03,1.61251e-03,9.76564e-04,5.55832e-04,3.57412e-04,2.52933e-04,1.72968e-04,1.17289e-04,8.69810e-05,6.75548e-05,4.88009e-05,3.23676e-05,2.19951e-05,1.53365e-05,9.16327e-06,4.91860e-06,2.77889e-06,1.64285e-06,7.97116e-07,3.36449e-07
9.66548e-04,5.93088e-04,4.08830e-04,2.79822e-04,1.95283e-04,1.52819e-04,1.27113e-04,1.02532e-04,7.91155e-05,6.21699e-05,4.93268e-05,3.57148e-05,2.32143e-05,1.53072e-05,1.03162e-05,5.82527e-06,2.88198e-06,1.48535e-06,7.91268e-07,3.15612e-07,9.00225e-08
8.88908e-04,5.85241e-04,4.13794e-04,2.75544e-04,1.73187e-04,1.17980e-04,8.51980e-05,5.72267e-05,3.61010e-05,2.45739e-05,1.76939e-05,1.17931e-05,7.37786e-06,4.95405e-06,3.52100e-06,2.25218e-06,1.37468e-06,9.04243e-07,6.28286e-07,3.91927e-07,2.31320e-07
1.91831e-03,1.20173e-03,8.13216e-04,5.14756e-04,3.06180e-04,1.99999e-04,1.39764e-04,9.04315e-05,5.47967e-05,3.61485e-05,2.53748e-05,1.64238e-05,9.97430e-06,6.55853e-06,4.59374e-06,2.89669e-06,1.74907e-06,1.14371e-06,7.91843e-07,4.92286e-07,2.89684e-07
8.59830e-04,6.20768e-04,4.78805e-04,3.55390e-04,2.53876e-04,1.92794e-04,1.52886e-04,1.15194e-04,8.26731e-05,6.21536e-05,4.82757e-05,3.48652e-05,2.34516e-05,1.64822e-05,1.20568e-05,7.90428e-06,4.88961e-06,3.22028e-06,2.22528e-06,1.36717e-06,7.85192e-07
8.84330e-04,5.78250e-04,4.05230e-04,2.66276e-04,1.64819e-04,1.11299e-04,8.01995e-05,5.42063e-05,3.49255e-05,2.44876e-05,1.82270e-05,1.27612e-05,8.51433e-06,6.05263e-06,4.51480e-06,3.06513e-06,1.98484e-06,1.36345e-06,9.78311e-07,6.31722e-07,3.83655e-07
8.69161e-04,5.62672e-04,3.92017e-04,2.56796e-04,1.58871e-04,1.07216e-04,7.70420e-05,5.16169e-05,3.25998e-05,2.22740e-05,1.61146e-05,1.08248e-05,6.85172e-06,4.65717e-06,3.34982e-06,2.18015e-06,1.35850e-06,9.09963e-07,6.42347e-07,4.08960e-07,2.46773e-07
8.90059e-04,5.86913e-04,4.15748e-04,2.77523e-04,1.74798e-04,1.19105e-04,8.58894e-05,5.74507e-05,3.59411e-05,2.42341e-05,1.72895e-05,1.13921e-05,7.04635e-06,4.70045e-06,3.33094e-06,2.13081e-06,1.30625e-06,8.64740e-07,6.04996e-07,3.81238e-07,2.27739e-07
8.88948e-04,5.85303e-04,4.13871e-04,2.75627e-04,1.73260e-04,1.18032e-04,8.52238e-05,5.72140e-05,3.60430e-05,2.44889e-05,1.75988e-05,1.17037e-05,7.31195e-06,4.91305e-06,3.49913e-06,2.24887e-06,1.38256e-06,9.15836e-07,6.40357e-07,4.02662e-07,2.39591e-07
8.88908e-04,5.85241e-04,4.13794e-04,2.75543e-04,1.73185e-04,1.17973e-04,8.51817e-05,5.71913e-05,3.60381e-05,2.44938e-05,1.76086e-05,1.17161e-05,7.32417e-06,4.92370e-06,3.50806e-06,2.25557e-06,1.38717e-06,9.19090e-07,6.42710e-07,4.04175e-07,2.40490e-07
8.80155e-04,5.76709e-04,4.06247e-04,2.69585e-04,1.69056e-04,1.15144e-04,8.32372e-05,5.60497e-05,3.55003e-05,2.42589e-05,1.75296e-05,1.17427e-05,7.39968e-06,5.00785e-06,3.58805e-06,2.32334e-06,1.43974e-06,9.59970e-07,6.74985e-07,4.27538e-07,2.56485e-07
8.88908e-04,5.85241e-04,4.13794e-04,2.75543e-04,1.73185e-04,1.17973e-04,8.51817e-05,5.71913e-05,3.60381e-05,2.44936e-05,1.76084e-05,1.17159e-05,7.32398e-06,4.92356e-06,3.50797e-06,2.25554e-06,1.38719e-06,9.19122e-07,6.42749e-07,4.04213e-07,2.40521e-07
8.88908e-04,5.85241e-04,4.13794e-04,2.75543e-04,1.73185e-04,1.17973e-04,8.51817e-05,5.71913e-05,3.60380e-05,2.44936e-05,1.76084e-05,1.17159e-05,7.32395e-06,4.92356e-06,3.50801e-06,2.25562e-06,1.38729e-06,9.19221e-07,6.42832e-07,4.04267e-07,2.40544e-07
8.88908e-04,5.85241e-04,4.13794e-04,2.75543e-04,1.73185e-04,1.17973e-04,8.51814e-05,5.71903e-05,3.60355e-05,2.44899e-05,1.76041e-05,1.17122e-05,7.32225e-06,4.92381e-06,3.50954e-06,2.25800e-06,1.38964e-06,9.21098e-07,6.44196e-07,4.05030e-07,2.40823e-07
8.88908e-04,5.85241e-04,4.13794e-04,2.75543e-04,1.73184e-04,1.17971e-04,8.51784e-05,5.71865e-05,3.60334e-05,2.44909e-05,1.76082e-05,1.17187e-05,7.32905e-06,4.92900e-06,3.51281e-06,2.25893e-06,1.38889e-06,9.19705e-07,6.42672e-07,4.03673e-07,2.39827e-07
8.88107e-04,5.84047e-04,4.12380e-04,2.74110e-04,1.72054e-04,1.17242e-04,8.48044e-05,5.71842e-05,3.63125e-05,2.48788e-05,1.80143e-05,1.20846e-05,7.60681e-06,5.12705e-06,3.65109e-06,2.33639e-06,1.42230e-06,9.30792e-07,6.42461e-07,3.96196e-07,2.30048e-07
8.88908e-04,5.85241e-04,4.13794e-04,2.75543e-04,1.73185e-04,1.17973e-04,8.51817e-05,5.71913e-05,3.60380e-05,2.44936e-05,1.76084e-05,1.17159e-05,7.32395e-06,4.92352e-06,3.50793e-06,2.25551e-06,1.38717e-06,9.19111e-07,6.42744e-07,4.04214e-07,2.40526e-07
8.88908e-04,5.85241e-04,4.13794e-04,2.75543e-04,1.73185e-04,1.17972e-04,8.51799e-05,5.71882e-05,3.60335e-05,2.44887e-05,1.76038e-05,1.17122e-05,7.32191e-06,4.92276e-06,3.50800e-06,2.25623e-06,1.38814e-06,9.20062e-07,6.43580e-07,4.04861e-07,2.40970e-07
8.88908e-04,5.85241e-04,4.13794e-04,2.75543e-04,1.73185e-04,1.17973e-04,8.51817e-05,5.71913e-05,3.60381e-05,2.44936e-05,1.76084e-05,1.17159e-05,7.32397e-06,4.92355e-06,3.50796e-06,2.25554e-06,1.38719e-06,9.19122e-07,6.42749e-07,4.04213e-07,2.40521e-07
8.88908e-04,5.85241e-04,4.13793e-04,2.75536e-04,1.73147e-04,1.17875e-04,8.50080e-05,5.69171e-05,3.56891e-05,2.41506e-05,1.73201e-05,1.15342e-05,7.27046e-06,4.95067e-06,3.57551e-06,2.34197e-06,1.46625e-06,9.82368e-07,6.91129e-07,4.36033e-07,2.58886e-07
8.88908e-04,5.85241e-04,4.13794e-04,2.75543e-04,1.73185e-04,1.17973e-04,8.51819e-05,5.71919e-05,3.60403e-05,2.44994e-05,1.76188e-05,1.17331e-05,7.34789e-06,4.95011e-06,3.53391e-06,2.27748e-06,1.40250e-06,9.28735e-07,6.48105e-07,4.05479e-07,2.39031e-07
8.88908e-04,5.85241e-04,4.13794e-04,2.75543e-04,1.73185e-04,1.17973e-04,8.51826e-05,5.71943e-05,3.60462e-05,2.45072e-05,1.76261e-05,1.17358e-05,7.34174e-06,4.93663e-06,3.51640e-06,2.25852e-06,1.38615e-06,9.16329e-07,6.39370e-07,4.00877e-07,2.37756e-07
8.88908e-04,5.85241e-04,4.13795e-04,2.75548e-04,1.73211e-04,1.18041e-04,8.53048e-05,5.73912e-05,3.63017e-05,2.47644e-05,1.78502e-05,1.18918e-05,7.41275e-06,4.95055e-06,3.49784e-06,2.21811e-06,1.34072e-06,8.75009e-07,6.04231e-07,3.74278e-07,2.19513e-07
8.88908e-04,5.85241e-04,4.13794e-04,2.75543e-04,1.73185e-04,1.17973e-04,8.51817e-05,5.71910e-05,3.60368e-05,2.44906e-05,1.76036e-05,1.17090e-05,7.31619e-06,4.91667e-06,3.50269e-06,2.25274e-06,1.38668e-06,9.19855e-07,6.44049e-07,4.05732e-07,2.41888e-07
8.88908e-04,5.85241e-04,4.13794e-04,2.75543e-04,1.73183e-04,1.17967e-04,8.51726e-05,5.71776e-05,3.60200e-05,2.44734e-05,1.75878e-05,1.16971e-05,7.31001e-06,4.91487e-06,3.50360e-06,2.25564e-06,1.39013e-06,9.23036e-07,6.46747e-07,4.07751e-07,2.43249e-07
8.88878e-04,5.85208e-04,4.13766e-04,2.75527e-04,1.73184e-04,1.17979e-04,8.51901e-05,5.71985e-05,3.60413e-05,2.44933e-05,1.76058e-05,1.17119e-05,7.32021e-06,4.92092e-06,3.50649e-06,2.25537e-06,1.38791e-06,9.20175e-07,6.43851e-07,4.05199e-07,2.41282e-07
1.74036e-03,1.11301e-03,7.80387e-04,5.25924e-04,3.42684e-04,2.44271e-04,1.84846e-04,1.32346e-04,9.03672e-05,6.57458e-05,5.00042e-05,3.55209e-05,2.37609e-05,1.68057e-05,1.24521e-05,8.37751e-06,5.37946e-06,3.67441e-06,2.62523e-06,1.68560e-06,1.01592e-06
